,max_concentration,min_concentration
accoa_c,-3.912023005,-7.226304894632376
malylcoa_c,-11.194375850367628,-14.50865774
atp_c,-3.912023005,-14.50865774
adp_c,-7.757822990121373,-14.50865774
glx_c,-14.508656189010964,-14.50865774
actp_c,-4.264064626438913,-13.507809353724996
ac_c,-14.50865618901096,-14.50865774
pi_c,-3.912023005,-11.264443898425496
coa_c,-9.061765536292276,-14.50865774
mal__L_c,-3.912023005,-3.9120245559890385
