,max_concentration,min_concentration
pep_c,-14.508657352252783,-14.50865774
2pg_c,-3.912023005,-3.9120233927472174
